{
    "winningBets": 0,
    "losingBets": 0,
    "correctTipoffPredictions": 0,
    "incorrectTipoffPredictions": 0,
    "seasons": "2017-2018-2019-with-odds-0.73",
    "winPercentage": 0.6470588235294118,
    "correctTipoffPredictionPercentage": 0.8288770053475936,
    "expectedWinsFromTip": 0.6019231014973262,
    "predictionAverage": 0.7691075334929643
}