{
    "winningBets": 121,
    "losingBets": 66,
    "correctTipoffPredictions": 155,
    "incorrectTipoffPredictions": 32,
    "seasons": "2017-2018-2019-with-odds-0.73",
    "winPercentage": 0.6470588235294118,
    "correctTipoffPredictionPercentage": 0.8288770053475936,
    "expectedWinsFromTip": 0.6019231014973262,
    "predictionAverage": 0.7691075334929643
}