{
    "winningBets": 183,
    "losingBets": 178,
    "correctTipoffPredictions": 208,
    "incorrectTipoffPredictions": 153,
    "seasons": "2021-with-odds-0.73",
    "winPercentage": 0.5069252077562327,
    "correctTipoffPredictionPercentage": 0.5761772853185596,
    "expectedWinsFromTip": 0.5236082944598338,
    "predictionAverage": 0.9148062881968292
}