{
    "winningBets": 4135,
    "losingBets": 2957,
    "totalBets": 0,
    "correctTipoffPredictions": 5214,
    "incorrectTipoffPredictions": 1878,
    "tipWinnerScores": 4647,
    "seasons": null,
    "winPercentage": 0.5830513254371122,
    "correctTipoffPredictionPercentage": 0.7351945854483926,
    "expectedWinsFromAlgo": 5762.2283169079,
    "predictionAverage": 0,
    "histogramDivisions": [
        {
            "start": 0.5,
            "end": 0.55,
            "predictionSummaries": {
                "totalMatchups": 4604,
                "tipoffWinsByHigher": 2400,
                "tipoffLossesByHigher": 2204,
                "tipWinnerScores": 1595,
                "winPercentage": 0.5212858384013901,
                "expectedWinsFromAlgo": 2416.03182424143,
                "expectedWinPercentage": 0.5247679896267224,
                "tipWinnerScoresPercentage": 0.3464378801042572
            }
        },
        {
            "start": 0.55,
            "end": 0.6,
            "predictionSummaries": {
                "totalMatchups": 4407,
                "tipoffWinsByHigher": 2477,
                "tipoffLossesByHigher": 1930,
                "tipWinnerScores": 1637,
                "winPercentage": 0.5620603585205355,
                "expectedWinsFromAlgo": 2531.9812244071154,
                "expectedWinPercentage": 0.5745362433417552,
                "tipWinnerScoresPercentage": 0.371454504197867
            }
        },
        {
            "start": 0.6,
            "end": 0.65,
            "predictionSummaries": {
                "totalMatchups": 4212,
                "tipoffWinsByHigher": 2533,
                "tipoffLossesByHigher": 1679,
                "tipWinnerScores": 1647,
                "winPercentage": 0.6013770180436847,
                "expectedWinsFromAlgo": 2632.631989112403,
                "expectedWinPercentage": 0.6250313364464395,
                "tipWinnerScoresPercentage": 0.391025641025641
            }
        },
        {
            "start": 0.65,
            "end": 0.7,
            "predictionSummaries": {
                "totalMatchups": 3731,
                "tipoffWinsByHigher": 2357,
                "tipoffLossesByHigher": 1374,
                "tipWinnerScores": 1527,
                "winPercentage": 0.6317341195389976,
                "expectedWinsFromAlgo": 2514.4019580332847,
                "expectedWinPercentage": 0.6739217255516711,
                "tipWinnerScoresPercentage": 0.4092736531760922
            }
        },
        {
            "start": 0.7,
            "end": 0.75,
            "predictionSummaries": {
                "totalMatchups": 3025,
                "tipoffWinsByHigher": 2050,
                "tipoffLossesByHigher": 975,
                "tipWinnerScores": 1380,
                "winPercentage": 0.6776859504132231,
                "expectedWinsFromAlgo": 2192.1452846185675,
                "expectedWinPercentage": 0.7246761271466339,
                "tipWinnerScoresPercentage": 0.456198347107438
            }
        },
        {
            "start": 0.75,
            "end": 0.8,
            "predictionSummaries": {
                "totalMatchups": 2379,
                "tipoffWinsByHigher": 1693,
                "tipoffLossesByHigher": 686,
                "tipWinnerScores": 1148,
                "winPercentage": 0.7116435477091215,
                "expectedWinsFromAlgo": 1840.476531289077,
                "expectedWinPercentage": 0.7736345234506419,
                "tipWinnerScoresPercentage": 0.48255569567044976
            }
        },
        {
            "start": 0.8,
            "end": 0.85,
            "predictionSummaries": {
                "totalMatchups": 1661,
                "tipoffWinsByHigher": 1241,
                "tipoffLossesByHigher": 420,
                "tipWinnerScores": 839,
                "winPercentage": 0.7471402769416015,
                "expectedWinsFromAlgo": 1366.99192321958,
                "expectedWinPercentage": 0.8229933312580253,
                "tipWinnerScoresPercentage": 0.5051173991571343
            }
        },
        {
            "start": 0.85,
            "end": 0.9,
            "predictionSummaries": {
                "totalMatchups": 1074,
                "tipoffWinsByHigher": 843,
                "tipoffLossesByHigher": 231,
                "tipWinnerScores": 598,
                "winPercentage": 0.7849162011173184,
                "expectedWinsFromAlgo": 937.5325882008402,
                "expectedWinPercentage": 0.8729353707642833,
                "tipWinnerScoresPercentage": 0.5567970204841713
            }
        },
        {
            "start": 0.9,
            "end": 0.95,
            "predictionSummaries": {
                "totalMatchups": 623,
                "tipoffWinsByHigher": 482,
                "tipoffLossesByHigher": 141,
                "tipWinnerScores": 314,
                "winPercentage": 0.7736757624398074,
                "expectedWinsFromAlgo": 574.8471971281488,
                "expectedWinPercentage": 0.9227081815861136,
                "tipWinnerScoresPercentage": 0.5040128410914928
            }
        },
        {
            "start": 0.95,
            "end": 1.0,
            "predictionSummaries": {
                "totalMatchups": 178,
                "tipoffWinsByHigher": 143,
                "tipoffLossesByHigher": 35,
                "tipWinnerScores": 94,
                "winPercentage": 0.8033707865168539,
                "expectedWinsFromAlgo": 172.11238982272167,
                "expectedWinPercentage": 0.966923538329897,
                "tipWinnerScoresPercentage": 0.5280898876404494
            }
        }
    ],
    "trueskillConstants": [
        {
            "sigma": 8.333333333333334,
            "mu": 25,
            "rd": 69.44444444444444,
            "tau": 0.08333333333333334,
            "beta": 4.385964912280702,
            "minAppearances": 20
        }
    ],
    "eloConstants": [
        {
            "k_factor": 10,
            "base_elo": 1200,
            "base_elo_beta": 200,
            "minAppearances": 20
        }
    ],
    "glickoConstants": [
        {
            "sigma": 0.06,
            "mu": 1500,
            "tau": 1.0,
            "phi": 350,
            "minAppearances": 20
        }
    ],
    "expectedWinsFromTipWinPercentage": 0.5728897466666667
}